Date,Views
1/6/2021,7831
2/6/2021,7798
3/6/2021,7401
4/6/2021,7054
5/6/2021,7973
6/6/2021,9114
7/6/2021,10387
8/6/2021,8895
9/6/2021,9048
10/6/2021,8431
11/6/2021,8342
12/6/2021,7720
13/06/2021,7622
14/06/2021,10023
15/06/2021,9558
16/06/2021,9820
17/06/2021,8541
18/06/2021,7803
19/06/2021,7092
20/06/2021,7386
21/06/2021,8298
22/06/2021,8044
23/06/2021,7828
24/06/2021,7455
25/06/2021,7559
26/06/2021,7349
27/06/2021,6953
28/06/2021,7996
29/06/2021,8328
30/06/2021,7669
1/7/2021,6463
2/7/2021,6762
3/7/2021,7648
4/7/2021,6870
5/7/2021,7687
6/7/2021,8336
7/7/2021,7609
8/7/2021,7457
9/7/2021,7868
10/7/2021,8458
11/7/2021,6380
12/7/2021,7762
13/07/2021,8538
14/07/2021,7898
15/07/2021,7968
16/07/2021,7729
17/07/2021,7288
18/07/2021,7290
19/07/2021,8024
20/07/2021,8076
21/07/2021,7494
22/07/2021,7962
23/07/2021,8016
24/07/2021,7993
25/07/2021,6810
26/07/2021,8240
27/07/2021,8921
28/07/2021,8198
29/07/2021,8095
30/07/2021,7880
31/07/2021,7072
1/8/2021,6235
2/8/2021,7810
3/8/2021,8546
4/8/2021,7941
5/8/2021,7308
6/8/2021,7440
7/8/2021,7509
8/8/2021,6605
9/8/2021,9002
10/8/2021,9104
11/8/2021,9131
12/8/2021,9085
13/08/2021,7485
14/08/2021,7599
15/08/2021,7153
16/08/2021,8478
17/08/2021,8145
18/08/2021,7805
19/08/2021,8512
20/08/2021,7076
21/08/2021,7305
22/08/2021,6792
23/08/2021,8209
24/08/2021,8596
25/08/2021,8240
26/08/2021,8633
27/08/2021,7607
28/08/2021,7006
29/08/2021,6680
30/08/2021,8134
31/08/2021,8384
1/9/2021,8326
2/9/2021,8248
3/9/2021,7418
4/9/2021,7039
5/9/2021,6796
6/9/2021,8809
7/9/2021,9841
8/9/2021,9605
9/9/2021,8531
10/9/2021,7059
11/9/2021,8172
12/9/2021,8077
13/09/2021,10018
14/09/2021,9050
15/09/2021,9450
16/09/2021,8977
17/09/2021,8689
18/09/2021,7678
19/09/2021,6830
20/09/2021,9723
21/09/2021,9869
22/09/2021,9523
23/09/2021,10481
24/09/2021,9193
25/09/2021,8204
26/09/2021,7776
27/09/2021,9857
28/09/2021,9977
29/09/2021,10028
30/09/2021,9785
1/10/2021,8916
2/10/2021,8310
3/10/2021,7893
4/10/2021,10718
5/10/2021,10399
6/10/2021,9128
7/10/2021,9271
8/10/2021,8749
9/10/2021,8055
10/10/2021,7251
11/10/2021,8860
12/10/2021,8634
13/10/2021,7863
14/10/2021,7481
15/10/2021,6743
16/10/2021,9054
17/10/2021,7480
18/10/2021,8749
19/10/2021,9506
20/10/2021,9416
21/10/2021,9354
22/10/2021,9120
23/10/2021,7949
24/10/2021,7363
25/10/2021,9926
26/10/2021,10130
27/10/2021,9114
28/10/2021,8795
29/10/2021,9006
30/10/2021,7586
31/10/2021,6761
1/11/2021,8276
2/11/2021,8193
3/11/2021,7223
4/11/2021,5772
5/11/2021,6378
6/11/2021,6367
7/11/2021,7923
8/11/2021,8972
9/11/2021,9517
10/11/2021,9612
11/11/2021,8933
12/11/2021,8449
13/11/2021,7505
14/11/2021,7401
15/11/2021,9413
16/11/2021,9435
17/11/2021,9412
18/11/2021,9057
19/11/2021,8336
20/11/2021,6617
21/11/2021,6916
22/11/2021,8723
23/11/2021,9296
24/11/2021,9460
25/11/2021,8971
26/11/2021,7131
27/11/2021,6516
28/11/2021,6838
29/11/2021,8605
30/11/2021,8345
1/12/2021,8363
2/12/2021,7698
3/12/2021,6956
4/12/2021,6389
5/12/2021,6260
6/12/2021,8335
7/12/2021,8858
8/12/2021,8971
9/12/2021,8599
10/12/2021,7815
11/12/2021,7203
12/12/2021,7627
13/12/2021,8685
14/12/2021,8747
15/12/2021,8592
16/12/2021,7680
17/12/2021,7832
18/12/2021,7952
19/12/2021,6907
20/12/2021,8840
21/12/2021,7254
22/12/2021,6883
23/12/2021,7083
24/12/2021,5646
25/12/2021,4812
26/12/2021,5407
27/12/2021,7000
28/12/2021,7581
29/12/2021,7338
30/12/2021,6683
31/12/2021,5033
1/1/2022,4478
2/1/2022,6366
3/1/2022,7498
4/1/2022,7885
5/1/2022,7490
6/1/2022,7419
7/1/2022,6673
8/1/2022,7136
9/1/2022,6668
10/1/2022,8341
11/1/2022,8311
12/1/2022,8201
13/01/2022,7998
14/01/2022,6541
15/01/2022,6314
16/01/2022,6570
17/01/2022,8139
18/01/2022,9194
19/01/2022,7850
20/01/2022,8470
21/01/2022,7760
22/01/2022,6589
23/01/2022,6981
24/01/2022,7667
25/01/2022,7850
26/01/2022,7235
27/01/2022,8079
28/01/2022,8418
29/01/2022,7371
30/01/2022,6842
31/01/2022,8079
1/2/2022,8284
2/2/2022,8603
3/2/2022,7974
4/2/2022,7550
5/2/2022,6811
6/2/2022,6338
7/2/2022,8919
8/2/2022,8066
9/2/2022,8747
10/2/2022,8676
11/2/2022,8088
12/2/2022,7522
13/02/2022,7244
14/02/2022,8524
15/02/2022,9541
16/02/2022,8956
17/02/2022,8860
18/02/2022,8630
19/02/2022,8874
20/02/2022,7805
21/02/2022,10154
22/02/2022,10080
23/02/2022,10327
24/02/2022,8908
25/02/2022,9111
26/02/2022,7669
27/02/2022,7565
28/02/2022,8896
1/3/2022,8476
2/3/2022,8760
3/3/2022,8882
4/3/2022,8696
5/3/2022,8003
6/3/2022,7424
7/3/2022,9560
8/3/2022,9459
9/3/2022,9717
10/3/2022,11486
11/3/2022,9259
12/3/2022,7762
13/03/2022,9137
14/03/2022,10533
15/03/2022,11846
16/03/2022,9961
17/03/2022,9312
18/03/2022,7859
19/03/2022,8860
20/03/2022,8304
21/03/2022,10584
22/03/2022,10210
23/03/2022,9505
24/03/2022,10292
25/03/2022,8940
26/03/2022,7811
27/03/2022,7455
28/03/2022,9282
29/03/2022,10620
30/03/2022,9960
31/03/2022,7643
1/4/2022,8133
2/4/2022,7110
3/4/2022,8519
4/4/2022,10397
5/4/2022,10234
6/4/2022,10225
7/4/2022,10088
8/4/2022,8753
9/4/2022,8117
10/4/2022,8531
11/4/2022,10000
12/4/2022,10190
13/04/2022,9399
14/04/2022,8356
15/04/2022,8283
16/04/2022,9476
17/04/2022,8379
18/04/2022,11347
19/04/2022,12156
20/04/2022,11547
21/04/2022,9988
22/04/2022,9023
23/04/2022,7750
24/04/2022,8883
25/04/2022,11474
26/04/2022,10631
27/04/2022,10667
28/04/2022,9938
29/04/2022,9380
30/04/2022,8514
1/5/2022,7992
2/5/2022,8766
3/5/2022,9249
4/5/2022,9896
5/5/2022,9672
6/5/2022,9113
7/5/2022,8691
8/5/2022,7667
9/5/2022,10288
10/5/2022,11302
11/5/2022,10337
12/5/2022,10709
13/05/2022,9543
14/05/2022,7413
15/05/2022,7249
16/05/2022,10017
17/05/2022,10039
,
,
,
,
,
,
,
,
,
,
,
,
,
,
,
,
,
,
,
,
,
,
,
,
,
,
